{
  "row_count": 41893,
  "settlement_avg": {
    "2": 73600,
    "3": 73698.5243902439,
    "12": 73308.578125,
    "19": 73400
  }
}
